time,date,time_of_day,kite_0_vx,kite_0_vy,kite_0_vz,kite_1_ax,kite_1_ay,kite_1_az,kite_0_roll,kite_0_pitch,kite_0_yaw,kite_1_roll,kite_1_pitch,kite_1_yaw,ground_tether_reelout_speed,ground_tether_force,est_upwind_direction,kite_pos_east,kite_pos_north,kite_height,kite_elevation,kite_azimuth,kite_distance,kite_heading,kite_course,kite_actual_steering,roll,pitch,yaw,kite_actual_depower
29.899999856948853,2019-10-08,15:08:50.100,13.3,-8.8,-10.0,-2.24892,-1.21642,4.50795,46.7,40.8,-57.1,43.5835,40.4975,-60.3526,1.35529,424.546,4.43509,218.96400000000003,61.9463,156.341,0.601974,0.00159658,276.089,0.6054970000000001,0.944704,-1.32275390625,36.64567499895079,33.661962810279356,-58.73059497491431,22.004571914672898
30.0,2019-10-08,15:08:50.200,13.3,-8.6,-9.9,-2.24892,-1.21642,4.50795,46.5,39.8,-57.5,43.5835,40.4975,-60.3526,1.32924,415.44,4.43507,218.05900000000003,63.0863,157.341,0.6061,-0.00430443,276.198,0.6155579999999999,0.954744,-1.20327758789062,36.55305521913029,33.159224063144805,-58.92064740802451,22.004571914672898
30.09999990463257,2019-10-08,15:08:50.300,13.3,-8.5,-9.3,-2.24892,-1.21642,4.50795,46.0,39.5,-57.9,43.5835,40.4975,-60.3526,1.30653,409.519,4.43506,217.153,64.6063,158.741,0.611167,-0.0118433,276.637,0.6189859999999999,0.98276,-1.08551025390625,36.302581042749985,33.00650109104703,-59.118803916189165,22.004571914672898
30.200000047683716,2019-10-08,15:08:50.400,13.2,-8.6,-9.1,-2.0855,1.37782,5.19945,46.2,39.2,-57.8,43.31100000000001,38.4359,-61.0489,1.31262,408.69,4.43503,216.277,65.3663,159.241,0.613938,-0.0161646,276.41700000000003,0.625839,0.987463,-1.00529479980469,36.25493711935317,31.830903229287124,-59.433095907786424,22.004571914672898
30.299999952316284,2019-10-08,15:08:50.500,12.9,-8.4,-8.6,-2.08922,-1.53744,4.06355,45.8,37.9,-58.0,43.2945,38.3967,-61.2786,1.29711,397.338,4.43501,214.963,67.6463,160.541,0.6189939999999999,-0.027495,276.692,0.644586,1.0054299999999998,-0.7424468994140621,36.05949484596185,31.16211918240702,-59.6356066308,22.004056930542003
30.399999856948853,2019-10-08,15:08:50.600,13.0,-8.5,-8.5,2.6065,4.36029,0.99146,45.9,37.8,-57.9,43.0324,37.5423,-61.4626,1.27106,383.917,4.43498,214.495,68.0263,161.041,0.62116,-0.0297010999999999,276.713,0.648061,1.0127,-0.537635803222656,35.972570842189214,30.687039378815847,-59.68558177357238,22.004056930542003
30.5,2019-10-08,15:08:50.700,12.8,-8.3,-8.1,2.6065,4.36029,0.99146,45.6,37.2,-57.9,43.0324,37.5423,-61.4626,1.25444,373.679,4.43495,213.152,69.5463,161.841,0.625225,-0.0379467,276.519,0.659591,1.02957,-0.370368957519531,35.828846650601704,30.38722925374181,-59.67924527289645,22.004056930542003
30.59999990463257,2019-10-08,15:08:50.800,12.7,-8.0,-7.7,-1.10409,4.2187,-1.97447,45.6,36.8,-57.9,43.3027,36.5811,-61.4477,1.24225,370.889,4.43492,212.743,70.3063,162.641,0.627888,-0.0417093,276.866,0.666227,1.05023,-0.305511474609375,35.95835108380741,29.70621257811208,-59.67766121250452,22.004056930542003
30.700000047683716,2019-10-08,15:08:50.900,12.8,-8.0,-7.7,0.0230392,4.95044,-3.17761,45.7,36.9,-58.1,43.3856,36.4591,-61.3633,1.23505,362.408,4.43489,211.896,71.4463,163.441,0.6311640000000001,-0.0477103,276.97900000000004,0.666605,1.05757,-0.0887527465820309,36.046387993143476,29.692568848799763,-59.73699016884166,22.004571914672898
30.799999952316284,2019-10-08,15:08:51.000,12.7,-8.2,-7.5,3.22315,1.21186,1.16954,45.4,36.7,-58.6,43.5179,36.5773,-61.1727,1.21843,356.717,4.43487,211.049,72.5863,164.241,0.634419,-0.0537355,277.10200000000003,0.66699,1.06188,0.175422668457031,35.96293792877976,29.646794299234124,-59.88804325505461,22.004056930542003
30.899999856948853,2019-10-08,15:08:51.100,12.4,-8.0,-7.2,1.17961,1.43641,4.576309999999999,44.9,36.1,-59.4,43.2452,36.2209,-61.6863,1.21566,359.654,4.43484,210.172,73.7263,165.041,0.637714,-0.059827,277.212,0.668388,1.0709799999999998,0.427490234375,35.57725168718481,29.166995217243894,-60.54303245420806,22.004056930542003
31.0,2019-10-08,15:08:51.200,12.3,-8.1,-7.0,-0.996367,3.40287,-3.91589,44.3,35.4,-60.2,43.0293,35.4772,-62.2322,1.2261799999999998,360.13800000000003,4.43481,209.325,75.2463,165.84099999999998,0.640652,-0.0675076,277.457,0.671763,1.0783200000000002,0.386611938476562,35.16817905274906,28.443799068978805,-61.216224872850006,22.004056930542003
31.09999990463257,2019-10-08,15:08:51.300,12.1,-7.9,-6.8,-1.2397,2.12803,2.4964,44.0,35.0,-60.6,42.8234,35.1288,-63.1295,1.21843,358.055,4.43478,208.478,76.3863,166.541,0.643551,-0.0736016999999999,277.55,0.675343,1.08728,0.3849105834960939,34.91739148290945,28.072505073596844,-61.86474981483593,22.004571914672898
31.200000047683716,2019-10-08,15:08:51.400,11.9,-7.9,-6.7,-1.2397,2.12803,2.4964,43.7,34.9,-61.4,42.8234,35.1288,-63.1295,1.20845,345.66900000000004,4.434769999999999,207.631,77.1463,167.34099999999998,0.647005,-0.0781251,277.607,0.6700689999999999,1.08675,0.3900146484375,34.76497527863958,28.018217521740592,-62.26406167574342,22.004571914672898
31.299999952316284,2019-10-08,15:08:51.500,11.8,-7.8,-6.8,-9.50264,-2.86367,-3.82286,43.2,35.2,-61.8,42.3152,34.7291,-64.612,1.1802,335.085,4.43478,206.814,78.6664,168.041,0.649516,-0.0858613999999999,277.845,0.667259,1.08501,0.536491394042969,34.2597995625738,27.974296995601808,-63.21067431972776,22.004056930542003
31.399999856948853,2019-10-08,15:08:51.600,11.7,-8.0,-6.7,-9.50264,-2.86367,-3.82286,43.9,35.9,-61.8,42.3152,34.7291,-64.612,1.17909,335.016,4.43478,205.996,79.8064,168.741,0.652293,-0.0920075,277.987,0.6637350000000001,1.08497,0.493911743164062,34.60349799782093,28.323763860735788,-63.21554817665569,22.0035419464111
31.5,2019-10-08,15:08:51.700,11.4,-8.1,-6.7,-1.454,4.355659999999999,2.46171,43.1,36.1,-62.6,41.7098,35.6909,-65.0728,1.18574,341.326,4.4347900000000005,205.12,80.5664,169.541,0.655759,-0.0966658,278.045,0.655468,1.07354,0.282722473144531,33.906528600678804,28.902889935055533,-63.83995786073163,22.0035419464111
31.59999990463257,2019-10-08,15:08:51.800,11.3,-8.3,-7.0,-1.454,4.355659999999999,2.46171,43.0,36.0,-63.4,41.7098,35.6909,-65.0728,1.19626,342.532,4.4348,204.273,82.0864,170.34099999999998,0.658532,-0.104505,278.355,0.652414,1.05661,0.1924591064453119,33.85549048194234,28.848834632775286,-64.23816456369357,22.004056930542003
31.700000047683716,2019-10-08,15:08:51.900,11.2,-8.4,-7.0,-1.454,4.355659999999999,2.46171,41.7,35.3,-65.1,41.7098,35.6909,-65.0728,1.19349,343.326,4.4348,203.396,82.8464,171.141,0.661963,-0.1092099999999999,278.42900000000003,0.642965,1.05341,-0.201400756835938,33.20474588278825,28.49543251539847,-65.08636274564196,22.0035419464111
31.799999952316284,2019-10-08,15:08:52.000,11.1,-8.4,-6.8,4.55734,-1.40179,0.294479,40.8,34.7,-66.4,40.1113,35.3068,-67.0962,1.21233,355.35900000000004,4.43481,202.491,83.9864,171.84099999999998,0.664837,-0.115591,278.54200000000003,0.637872,1.06195,-0.3806076049804689,31.956800509954157,28.004035044974728,-66.74681694874454,22.003026962280305
31.899999856948853,2019-10-08,15:08:52.100,10.9,-8.2,-6.7,4.55734,-1.40179,0.294479,40.5,34.8,-66.6,40.1113,35.3068,-67.0962,1.2212,353.176,4.434819999999999,201.644,84.7464,172.541,0.6678970000000001,-0.120291,278.59,0.6375149999999999,1.06491,-0.6792984008789059,31.806271976706842,28.053717602177464,-66.84731575250328,22.004056930542003
32.0,2019-10-08,15:08:52.200,10.6,-8.2,-6.7,-1.7355599999999998,3.77005,-2.33018,40.3,34.8,-66.7,39.6145,34.7677,-68.2978,1.20568,344.939,4.434819999999999,200.797,86.2664,173.34099999999998,0.670559,-0.128211,278.942,0.64155,1.05654,-0.6980743408203121,31.458987939300922,27.787077949171408,-67.49941769843079,22.004056930542003
32.09999990463257,2019-10-08,15:08:52.300,10.5,-8.0,-6.6,-1.7355599999999998,3.77005,-2.33018,39.9,34.1,-67.3,39.6145,34.7677,-68.2978,1.1802,331.36800000000005,4.434830000000001,199.95,87.0264,174.041,0.673585,-0.132953,279.005,0.644456,1.06382,-0.7595138549804691,31.259308973559197,27.435156300465252,-67.79700643435177,22.0035419464111
32.200000047683716,2019-10-08,15:08:52.400,10.3,-8.0,-6.3,1.07922,0.313785,0.0914056,40.4,34.8,-67.2,39.1519,34.1322,-69.3238,1.17632,334.14,4.434819999999999,199.132,87.7864,174.641,0.676259,-0.137649,279.033,0.6417390000000001,1.07184,-0.918243408203125,31.27533067897718,27.47156159002153,-68.26627103511905,22.004056930542003
32.299999952316284,2019-10-08,15:08:52.500,10.4,-7.9,-6.1,-5.71309,1.92163,4.52439,40.5,35.1,-67.1,39.4736,34.6838,-68.9624,1.18241,330.025,4.43481,198.314,88.9264,175.34099999999998,0.67885,-0.143949,279.251,0.644072,1.09211,-0.9865188598632808,31.487230254198607,27.896104826991028,-68.03374221424565,22.004056930542003
32.39999985694885,2019-10-08,15:08:52.600,10.3,-7.9,-6.3,-5.71309,1.92163,4.52439,40.8,34.8,-66.9,39.4736,34.6838,-68.9624,1.1574799999999998,321.13,4.4347900000000005,197.496,90.0664,176.041,0.681419,-0.150265,279.47700000000003,0.6535850000000001,1.0819299999999998,-0.9865188598632808,31.639326595980208,27.747131531613825,-67.93242468385986,22.003026962280305
32.5,2019-10-08,15:08:52.700,10.2,-8.2,-6.3,-9.46644,-1.55266,1.86214,40.9,34.7,-67.0,39.7191,35.0083,-69.1084,1.1513799999999998,322.968,4.434769999999999,196.649,90.8264,176.641,0.684106,-0.1550619999999999,279.504,0.6565449999999999,1.07402,-0.7834091186523441,31.8144119421408,27.85969076100524,-68.05296897640451,22.0035419464111
32.59999990463257,2019-10-08,15:08:52.800,10.1,-8.2,-6.1,-9.46644,-1.55266,1.86214,41.1,34.4,-67.4,39.7191,35.0083,-69.1084,1.16801,328.35,4.43475,195.832,91.5864,177.34099999999998,0.686999,-0.159822,279.621,0.657946,1.08199,-0.7134323120117191,31.914034738891974,27.707823222582388,-68.25160661587822,22.0035419464111
32.700000047683716,2019-10-08,15:08:52.900,10.1,-8.2,-5.9,-4.37202,-1.77927,3.21281,41.6,33.8,-67.2,40.0393,33.9589,-69.6806,1.16634,326.288,4.434740000000001,194.985,92.7264,178.041,0.689567,-0.166249,279.85,0.670617,1.09568,-1.12647247314453,32.32524111958584,26.887063267341258,-68.4400939010007,22.0035419464111
32.799999952316284,2019-10-08,15:08:53.000,10.1,-8.4,-5.8,-4.37202,-1.77927,3.21281,41.4,33.1,-67.5,40.0393,33.9589,-69.6806,1.16856,322.332,4.43472,194.108,93.8664,178.641,0.6918949999999999,-0.172753,280.003,0.678452,1.10022,-1.37907409667969,32.22725652799216,26.535455132937578,-68.5857300594227,22.0035419464111
32.89999985694885,2019-10-08,15:08:53.100,10.1,-8.2,-5.6,3.15092,-3.68175,3.62407,41.5,32.6,-67.6,40.6595,33.7213,-69.3897,1.1331,307.421,4.4347,193.232,94.6264,179.241,0.6945819999999999,-0.177688,280.036,0.685574,1.11764,-1.29885864257812,32.58605824560729,26.164696682444582,-68.48956385133727,22.003026962280305
33.0,2019-10-08,15:08:53.200,10.1,-8.0,-5.3,-3.73342,4.68756,3.00866,41.4,32.2,-67.6,40.4139,32.538000000000004,-70.1291,1.127,300.85,4.43468,192.385,95.3864,179.84099999999998,0.6971970000000001,-0.182584,280.095,0.69288,1.14048,-1.11793518066406,32.4138593139046,25.376952510305824,-68.86328202385826,22.0035419464111
33.09999990463257,2019-10-08,15:08:53.300,9.9,-8.0,-4.9,-3.73342,4.68756,3.00866,41.7,31.5,-66.7,40.4139,32.538000000000004,-70.1291,1.12146,298.046,4.43467,191.567,96.5264,180.441,0.699346,-0.189021,280.311,0.715259,1.15581,-1.04454803466797,32.57379802238934,25.03364625679666,-68.40693119161341,22.0035419464111
33.200000047683716,2019-10-08,15:08:53.400,9.8,-7.7,-4.6,-1.00607,-0.528003,6.719010000000001,42.2,30.4,-65.9,41.094,30.989,-69.4759,1.10373,290.778,4.43465,190.779,97.6664,180.941,0.7011390000000001,-0.195418,280.491,0.740701,1.17888,-0.7373275756835941,33.162029383527,23.710155498315714,-67.6847536102691,22.0035419464111
33.299999952316284,2019-10-08,15:08:53.500,9.7,-7.5,-4.7,-1.00607,-0.528003,6.719010000000001,42.4,29.7,-65.4,41.094,30.989,-69.4759,1.0921,273.858,4.43465,189.961,98.4264,181.441,0.703372,-0.200312,280.524,0.7574029999999999,1.17748,-0.80218505859375,33.27148945816449,23.364937402783507,-67.42746149234733,22.003026962280305
33.39999985694885,2019-10-08,15:08:53.600,9.9,-7.7,-4.5,0.8261,3.01215,-0.6842010000000001,43.0,29.9,-64.9,41.7753,30.4681,-68.6575,1.04223,260.36400000000003,4.43464,189.172,99.1864,182.041,0.705805,-0.2051639999999999,280.648,0.764558,1.19526,-1.2288818359375,33.90407949954161,23.2008677668082,-66.7757723792808,22.003026962280305
33.5,2019-10-08,15:08:53.700,10.0,-7.5,-4.1,0.8261,3.01215,-0.6842010000000001,43.1,29.0,-65.0,41.7753,30.4681,-68.6575,1.06051,264.89,4.43463,188.413,100.326,182.441,0.70721,-0.2115389999999999,280.802,0.777285,1.23116,-2.00204467773438,33.95947843821654,22.75026841716618,-66.817666827512,22.003026962280305
33.59999990463257,2019-10-08,15:08:53.800,10.4,-7.3,-3.9,2.74844,-3.5999,5.12086,43.4,28.6,-65.0,42.5805,30.369,-67.2779,1.05996,268.16,4.43463,187.624,101.466,182.941,0.708923,-0.217988,281.008,0.785956,1.26964,-3.1507110595703103,34.501302341461304,22.490731700142106,-66.12945982956111,22.003026962280305
33.700000047683716,2019-10-08,15:08:53.900,10.5,-7.7,-3.9,1.89093,-1.64105,6.839160000000001,43.4,27.9,-64.5,42.6812,30.1434,-67.3544,1.06772,272.456,4.43462,186.865,102.226,183.341,0.710707,-0.222816,281.039,0.80284,1.26497,-4.66973876953125,34.55799126623072,22.031422386207225,-65.91236226916811,22.0035419464111
33.799999952316284,2019-10-08,15:08:54.000,10.6,-7.8,-3.9,-1.95158,2.86987,2.91555,43.8,26.4,-63.7,42.5876,29.6931,-67.5464,1.07547,269.439,4.43461,186.076,102.986,183.841,0.712808,-0.2277239999999999,281.119,0.832242,1.26944,-6.54377746582031,34.72606433168419,21.064118993426714,-65.59419576994759,22.003026962280305
33.89999985694885,2019-10-08,15:08:54.100,10.7,-7.7,-3.7,0.549725,-0.6844020000000001,4.79057,44.6,23.8,-62.8,42.7132,29.7819,-66.9992,1.05719,267.645,4.43461,185.229,104.506,184.241,0.713879,-0.2359,281.383,0.8778020000000001,1.2924,-8.12937164306641,35.19702574778713,19.810653599262015,-64.83652469531839,22.003026962280305
34.0,2019-10-08,15:08:54.200,11.5,-7.9,-3.5,0.549725,-0.6844020000000001,4.79057,46.0,22.3,-61.2,42.7132,29.7819,-66.9992,1.07437,280.029,4.4346,184.441,105.266,184.641,0.715676,-0.240833,281.41,0.917903,1.33077,-10.756103515625,35.93420075343701,19.07859102037799,-63.9973837872416,22.003026962280305
34.09999990463257,2019-10-08,15:08:54.300,12.4,-8.0,-2.8,5.62367,-3.94492,5.96041,47.5,20.4,-59.6,45.7586,25.5483,-61.9177,1.10761,296.80400000000003,4.4346,183.652,106.406,185.041,0.717017,-0.247335,281.586,0.964042,1.39789,-12.852020263671902,38.13614482917269,15.978621544955622,-60.728576766064435,22.003026962280305
34.200000047683716,2019-10-08,15:08:54.400,13.4,-7.7,-1.8,5.62367,-3.94492,5.96041,49.2,17.7,-57.8,45.7586,25.5483,-61.9177,1.12534,302.369,4.43457,182.834,107.546,185.241,0.717859,-0.253895,281.618,1.02261,1.48992,-14.9513549804688,39.00929488559097,14.639662372044581,-59.78521109278995,22.003026962280305
34.299999952316284,2019-10-08,15:08:54.500,14.5,-7.5,-0.8,7.42282,2.09833,8.0441,50.7,15.0,-55.8,46.3914,24.7541,-60.8311,1.1242299999999998,302.006,4.4345300000000005,182.075,108.686,185.441,0.7185630000000001,-0.260305,281.696,1.08423,1.57392,-17.057518005371097,40.08840503772595,12.89904744890758,-58.21052774535934,22.003026962280305
34.39999985694885,2019-10-08,15:08:54.600,15.3,-7.1,0.3,7.42282,2.09833,8.0441,52.7,10.2,-53.6,46.3914,24.7541,-60.8311,1.11814,296.682,4.43449,181.315,110.206,185.441,0.71825,-0.268251,281.796,1.1762,1.6578400000000002,-19.1807479858398,41.12499875896059,10.519474791501072,-57.00041374910023,22.0035419464111
34.5,2019-10-08,15:08:54.700,16.2,-6.3,1.8,9.25685,4.1242,4.15287,55.8,5.4,-50.7,48.2516,22.5764,-58.4062,1.10429,290.228,4.43445,180.644,111.726,185.341,0.7174649999999999,-0.275969,281.898,1.27821,1.76919,-21.2937316894531,43.587318146739825,7.027430941892981,-54.30148755736289,22.0035419464111
34.59999990463257,2019-10-08,15:08:54.800,17.4,-5.1,3.4,2.72291,5.9309,11.2518,58.8,1.4,-46.5,53.9085,15.4156,-51.2693,1.10152,290.10900000000004,4.43441,180.05900000000003,113.247,185.141,0.7162109999999999,-0.283452,281.999,1.38615,1.89241,-23.4169616699219,47.826740242446846,1.4112706779306743,-48.76827388033843,22.0035419464111
34.700000047683716,2019-10-08,15:08:54.900,18.3,-4.1,5.5,2.72291,5.9309,11.2518,61.9,-3.1,-42.4,53.9085,15.4156,-51.2693,1.09819,284.231,4.43437,179.53400000000002,115.147,184.841,0.714072,-0.2922659999999999,282.236,1.50019,2.01416,-25.5384902954102,49.51411777466288,-0.8059246357131482,-46.6553845999797,22.003026962280305
34.799999952316284,2019-10-08,15:08:55.000,19.0,-2.7,7.6,5.03532,10.8438,19.9834,64.2,-8.8,-38.4,62.1821,1.67851,-36.7613,1.07437,268.271,4.43433,179.125,116.667,184.341,0.711616,-0.299245,282.273,1.62763,2.13674,-27.6429443359375,54.521724776516265,-10.583150883528285,-37.52269969758031,22.0025119781494
34.89999985694885,2019-10-08,15:08:55.100,19.2,-1.3,9.8,5.03532,10.8438,19.9834,65.8,-15.9,-34.6,62.1821,1.67851,-36.7613,1.06938,279.927,4.43429,178.862,118.947,183.641,0.7073510000000001,-0.308768,282.60200000000003,1.7734599999999998,2.25598,-29.7081451416016,55.23434726030979,-14.145376558610346,-35.57292635443203,22.003026962280305
35.0,2019-10-08,15:08:55.200,19.1,-0.5,10.7,1.9696,15.7519,17.0977,66.6,-19.5,-33.0,63.2646,-4.48097,-32.2486,1.09487,286.951,4.43425,178.803,119.707,183.241,0.705417,-0.311819,282.626,1.8426,2.31148,-31.4627075195312,56.12173847943553,-19.03229673482157,-32.49659746110211,22.003026962280305
35.09999990463257,2019-10-08,15:08:55.300,18.3,2.0,13.7,1.9696,15.7519,17.0977,67.8,-31.3,-26.5,63.2646,-4.48097,-32.2486,1.10761,293.814,4.43422,178.832,122.367,181.741,0.697905,-0.3219059999999999,282.815,2.08072,2.48677,-32.865676879882805,56.612843990761974,-24.971612182339097,-29.25035836239944,22.003026962280305
35.200000047683716,2019-10-08,15:08:55.400,18.0,3.1,14.5,-3.9007,12.8889,21.9131,67.9,-35.0,-22.6,64.268,-11.3232,-27.3286,1.10207,286.11,4.43417,178.949,123.127,181.141,0.695084,-0.32447,282.834,2.17135,2.54642,-33.6866302490234,57.21777492424181,-30.233140249158513,-24.89070788798783,22.003026962280305
35.299999952316284,2019-10-08,15:08:55.500,17.1,5.3,16.3,-10.8171,17.6899,14.6054,66.1,-41.5,-14.6,61.774,-30.2396,-10.8933,1.07769,265.722,4.434130000000001,179.299,124.647,179.94099999999997,0.689218,-0.3292489999999999,282.955,2.33663,2.66914,-34.603179931640604,55.06715792047394,-42.91530335757787,-12.500225941612811,22.003026962280305
35.39999985694885,2019-10-08,15:08:55.600,15.5,7.2,17.7,-10.8171,17.6899,14.6054,63.8,-49.0,-7.5,61.774,-30.2396,-10.8933,1.03281,254.906,4.434080000000001,179.88299999999998,126.547,178.44099999999997,0.68161,-0.33478,283.219,2.49978,2.78732,-34.922332763671896,54.00430252697002,-46.67712464310791,-9.194179998078738,22.0035419464111
35.5,2019-10-08,15:08:55.700,13.7,9.3,18.7,-15.4322,17.7435,13.5591,59.2,-55.3,1.9,54.1865,-43.5006,5.71966,1.04943,265.663,4.43403,180.643,127.687,176.94099999999997,0.674657,-0.336951,283.273,2.65458,2.90641,-34.9547729492188,47.66223461372106,-56.442131201282706,4.223068307181634,22.003026962280305
35.59999990463257,2019-10-08,15:08:55.800,11.4,11.0,19.3,-15.4322,17.7435,13.5591,51.0,-61.1,14.9,54.1865,-43.5006,5.71966,1.07215,266.904,4.4339900000000005,181.636,129.207,175.34099999999998,0.6665300000000001,-0.339901,283.60200000000003,2.81738,3.02464,-34.9547729492188,44.586721950011174,-59.39446517869577,9.529872820404393,22.003026962280305
35.700000047683716,2019-10-08,15:08:55.900,9.4,12.7,19.7,-15.4322,17.7435,13.5591,39.5,-65.6,30.8,54.1865,-43.5006,5.71966,1.05331,267.015,4.43394,182.716,130.347,173.741,0.658742,-0.341203,283.833,2.96888,3.13063,-34.9547729492188,41.570212943703694,-62.01031314066978,14.55458960601355,22.0035419464111
35.799999952316284,2019-10-08,15:08:56.000,7.1,14.3,19.7,-21.5678,14.4967,6.3438300000000005,23.5,-67.1,51.4,42.9892,-51.4186,23.7642,1.08323,285.057,4.43389,184.001,131.107,172.141,0.651081,-0.340592,284.038,3.11966,3.241,-34.9530639648438,28.22204776588992,-66.75774533069864,33.78331057251229,22.0035419464111
35.89999985694885,2019-10-08,15:08:56.100,4.7,15.3,19.7,-21.5697,8.14295,0.990398,4.7,-66.7,74.4,13.6617,-56.7739,63.022,1.0970799999999998,296.624,4.43385,185.403,131.487,170.541,0.643696,-0.338328,284.16,3.28017,3.34058,-34.942825317382805,1.8446147000100026,-68.82018156718802,67.5089204407254,22.003026962280305
36.0,2019-10-08,15:08:56.200,2.1,16.4,19.3,-16.1746,9.92763,3.09975,-10.1,-63.4,93.4,6.79484,-55.9416,71.8447,1.14196,312.408,4.4338,186.922,131.86700000000002,168.94099999999997,0.636115,-0.3357969999999999,284.376,3.43425,3.451,-34.502471923828104,-8.726107836707877,-66.99519516229437,81.10314534701179,22.0035419464111
36.09999990463257,2019-10-08,15:08:56.300,-0.3,17.4,18.5,-19.0807,3.54544,-2.41887,-19.9,-58.3,107.4,0.317396,-54.7223,80.1251,1.14307,307.7,4.43375,188.586,132.627,167.34,0.627846,-0.334282,284.882,3.58569,3.5573,-33.9221801757812,-17.701398484080375,-64.0766741983144,93.01867236087834,22.004056930542003
36.200000047683716,2019-10-08,15:08:56.400,-2.8,18.2,17.6,-22.7338,9.76836,-4.38884,-26.3,-52.8,118.0,-13.8561,-48.9999,100.024,1.12035,308.45,4.43372,190.28,132.627,165.84,0.62073,-0.33005,285.131,3.72897,3.6639,-32.826416015625,-28.223240205975337,-58.17922457166952,108.581218899951,22.004056930542003
36.299999952316284,2019-10-08,15:08:56.500,-5.2,18.4,16.7,-17.46,8.8452,-7.62857,-31.3,-47.6,125.4,-24.0036,-41.8959,114.573,1.17078,329.207,4.43371,192.091,131.86700000000002,164.24,0.614008,-0.322917,285.066,3.85112,3.75925,-31.3927307128906,-35.79967811240464,-51.871672008236686,119.64373695698572,22.004056930542003
36.39999985694885,2019-10-08,15:08:56.600,-7.2,18.3,15.3,-18.2794,-0.985255,-9.06758,-34.5,-41.1,131.9,-26.1249,-39.4116,118.498,1.17355,332.81699999999995,4.4337,193.96,131.487,162.84,0.607312,-0.317051,285.353,3.99067,3.85101,-29.5920867919922,-38.79206419847237,-47.41825500002602,125.11297857550974,22.004056930542003
36.5,2019-10-08,15:08:56.700,-8.7,18.1,13.7,-17.864,-6.402909999999999,-17.8459,-36.6,-35.5,137.8,-31.6896,-31.287,128.591,1.17632,326.596,4.433680000000001,195.742,130.727,161.44,0.6011770000000001,-0.310118,285.425,4.11599,3.93307,-27.636116027832,-42.49730159533987,-40.48145464919418,133.05395969289688,22.004056930542003
36.59999990463257,2019-10-08,15:08:56.800,-10.2,18.1,12.2,-12.8568,-0.143533,-17.147000000000002,-37.2,-29.2,140.5,-34.2156,-25.9639,133.959,1.12756,304.962,4.433669999999999,197.524,129.967,160.24,0.595603,-0.303246,285.629,4.22829,4.01621,-26.0061416625977,-44.137725911996,-34.624303042205625,137.16672720978403,22.004056930542003
36.700000047683716,2019-10-08,15:08:56.900,-11.9,17.7,10.6,-16.3848,-1.6893599999999998,-13.7106,-37.6,-24.2,143.8,-35.392,-20.626,137.465,1.12645,304.874,4.43365,199.393,128.827,159.04,0.590275,-0.294892,285.741,4.32636,4.10971,-24.7431335449219,-44.92519546328693,-29.450584828354728,140.57665049278546,22.004571914672898
36.799999952316284,2019-10-08,15:08:57.000,-13.1,17.4,9.0,-12.7248,-4.68219,-16.205,-38.7,-19.9,146.4,-36.0368,-18.4256,139.211,1.13698,313.623,4.4336400000000005,201.204,127.687,158.04,0.585598,-0.286736,285.943,4.40875,4.18982,-23.568870544433604,-45.86981980977118,-26.197042640094715,142.78752866564335,22.004571914672898
36.89999985694885,2019-10-08,15:08:57.100,-14.1,17.3,7.7,-12.8879,-6.89365,-20.2952,-39.2,-15.3,149.2,-36.5782,-16.148,140.94899999999998,1.14473,319.656,4.43363,202.956,126.547,157.14,0.581284,-0.2787719999999999,286.17900000000003,4.49802,4.25479,-23.1114501953125,-46.47226562370673,-22.75387751742426,145.09192215021892,22.004571914672898
37.0,2019-10-08,15:08:57.200,-15.3,16.8,6.7,-9.62647,-3.98741,-10.2817,-40.3,-11.4,152.3,-38.8143,-9.48981,145.67,1.17909,339.647,4.43361,204.679,124.647,156.34,0.578045,-0.268226,286.134,4.57874,4.31691,-22.07373046875,-48.05048056724549,-17.464862131989406,148.97114782185355,22.004571914672898
37.09999990463257,2019-10-08,15:08:57.300,-16.1,15.9,5.6,-11.8292,4.68151,-13.2791,-41.1,-7.3,155.9,-40.0441,-6.05284,149.759,1.23505,373.331,4.4336,206.315,123.507,155.64,0.574451,-0.260625,286.433,4.66896,4.37866,-20.694656372070305,-49.08057770794316,-13.686308554152097,152.82500270020319,22.0050868988037
37.200000047683716,2019-10-08,15:08:57.400,-16.4,14.9,4.6,-11.8292,4.68151,-13.2791,-41.7,-3.0,158.7,-40.0441,-6.05284,149.759,1.26109,366.646,4.43357,207.834,121.987,154.94,0.571392,-0.25195,286.5,4.75444,4.42842,-19.5971984863281,-49.527280367754955,-11.522190326614037,154.25386606169235,22.0050868988037
37.299999952316284,2019-10-08,15:08:57.500,-16.7,14.3,3.2,0.5410739999999999,-6.04496,-8.80405,-41.8,1.3,160.9,-41.7519,2.27157,156.185,1.18961,326.047,4.43354,209.382,120.087,154.34,0.5689029999999999,-0.241878,286.5,4.8333900000000005,4.48921,-18.5287628173828,-50.28250815724976,-5.213187474353155,158.5428316342574,22.004571914672898
37.39999985694885,2019-10-08,15:08:57.600,-17.1,13.9,1.7,-2.1337,-7.30451,-11.7718,-41.9,4.5,162.4,-42.56100000000001,7.160310000000001,159.596,1.14252,313.86,4.4335,210.813,118.567,153.84,0.566505,-0.233446,286.648,4.89,4.55541,-17.704391479492198,-50.708200278137035,-1.171754028206191,160.99610965524764,22.004571914672898
37.5,2019-10-08,15:08:57.700,-17.7,13.2,0.7,-7.692,-8.300889999999999,-6.9083,-42.1,6.8,164.2,-43.0883,9.57877,161.627,1.15027,328.907,4.43346,212.186,116.667,153.54,0.565105,-0.223809,286.72,4.935630000000001,4.6113,-16.6086349487305,-51.07116804491875,1.1878339820815516,162.91257999210046,22.004571914672898
37.59999990463257,2019-10-08,15:08:57.800,-18.3,12.3,0.1,-7.692,-8.300889999999999,-6.9083,-41.8,8.4,165.9,-43.0883,9.57877,161.627,1.26719,396.166,4.43342,213.5,115.147,153.24,0.5634239999999999,-0.215652,286.921,4.97081,4.656540000000001,-15.492401123046902,-50.94550058910895,1.9944577107739851,163.76591351263306,22.004571914672898
37.700000047683716,2019-10-08,15:08:57.900,-18.4,11.7,-0.5,-7.692,-8.300889999999999,-6.9083,-42.2,10.0,167.9,-43.0883,9.57877,161.627,1.32204,411.071,4.43339,214.668,112.867,153.04,0.56291,-0.205054,286.78,5.00769,4.687819999999999,-14.128692626953098,-51.1912202195553,2.8072956304495964,164.76599636789115,22.0050868988037
37.799999952316284,2019-10-08,15:08:58.000,-18.7,11.2,-1.2,-5.310309999999999,-2.10331,-10.9408,-42.3,11.6,170.2,-42.8196,13.5375,167.87,1.30099,401.831,4.43335,215.837,111.347,152.84,0.561699,-0.197239,286.956,5.04904,4.72529,-13.1438827514648,-51.04791005899756,5.569309187356635,169.03647686505252,22.0050868988037
37.89999985694885,2019-10-08,15:08:58.100,-18.6,10.4,-1.7,-5.310309999999999,-2.10331,-10.9408,-42.3,13.4,172.1,-42.8196,13.5375,167.87,1.29489,399.309,4.43331,216.917,109.067,152.74,0.561538,-0.186815,286.842,5.0879,4.75654,-12.191497802734402,-51.07580022148271,6.479617952118233,169.98725371689207,22.0056018829346
38.0,2019-10-08,15:08:58.200,-18.3,9.9,-2.1,7.621,-4.61025,-5.94494,-42.4,15.7,173.5,-42.7338,16.5914,172.015,1.28713,397.811,4.43328,217.94,107.547,152.64,0.560802,-0.179301,286.99,5.1302900000000005,4.777880000000001,-11.3483505249023,-51.0643435805442,9.146601632444094,172.75852766341646,22.0056018829346
38.09999990463257,2019-10-08,15:08:58.300,-18.3,9.4,-2.7,7.621,-4.61025,-5.94494,-41.8,17.9,174.3,-42.7338,16.5914,172.015,1.28824,389.793,4.4332400000000005,218.874,105.647,152.54,0.560495,-0.170551,286.942,5.16431,4.81007,-10.6246795654297,-50.7793880430648,10.250573987125849,173.15449631310423,22.004571914672898
38.200000047683716,2019-10-08,15:08:58.400,-18.4,8.8,-3.2,-8.10957,-2.01154,-12.9721,-42.2,19.3,175.2,-42.9016,18.9975,172.78599999999997,1.25666,379.73,4.43322,219.78,103.747,152.64,0.560792,-0.161875,286.994,5.18803,4.84183,-10.327697753906198,-51.05857596998367,12.153550778815724,173.99273804022755,22.004571914672898
38.299999952316284,2019-10-08,15:08:58.500,-18.3,8.4,-3.5,1.10464,-6.23222,-2.27111,-41.8,20.6,176.8,-42.7499,21.0202,174.82,1.24835,374.15,4.43323,220.598,101.847,152.64,0.560909,-0.153373,286.941,5.2173,4.85967,-9.65352630615234,-50.776030668155414,13.813057509739332,175.8113366869702,22.004571914672898
38.39999985694885,2019-10-08,15:08:58.600,-18.3,7.9,-3.8,1.10464,-6.23222,-2.27111,-41.6,21.9,177.6,-42.7499,21.0202,174.82,1.25167,382.25,4.4332400000000005,221.357,100.327,152.84,0.56139,-0.14639,287.097,5.23937,4.88175,-9.13978576660156,-50.68903117657001,14.467352847531382,176.2073256309926,22.004056930542003
38.5,2019-10-08,15:08:58.700,-18.3,7.8,-3.9,1.99643,-4.91364,-6.673719999999999,-41.4,22.7,178.1,-42.2893,23.1014,176.668,1.26719,385.046,4.4332400000000005,222.117,98.0473,152.84,0.561832,-0.136551,286.896,5.24982,4.88344,-8.56630706787109,-50.34468262214379,15.902287444151094,177.38492455684084,22.004056930542003
38.59999990463257,2019-10-08,15:08:58.800,-18.3,7.4,-4.2,1.99643,-4.91364,-6.673719999999999,-41.0,23.3,179.8,-42.2893,23.1014,176.668,1.27051,385.064,4.43325,222.438,97.2873,153.04,0.562443,-0.133159,286.992,5.27318,4.90499,-8.19081878662109,-50.15576566349875,16.209672318562315,178.23403741601769,22.004571914672898
38.700000047683716,2019-10-08,15:08:58.900,-18.2,6.6,-4.2,1.8734,-5.0743,1.28704,-40.1,24.6,-177.4,-41.17,25.2912,-179.358,1.26442,385.26,4.43325,223.402,94.6273,153.44,0.5639310000000001,-0.121527,287.065,5.31264,4.92115,-8.00990295410156,-49.134037291905784,17.94883704542352,181.62337606247843,22.004571914672898
38.799999952316284,2019-10-08,15:08:59.000,-17.8,6.4,-4.5,0.318653,-4.43469,1.67493,-39.6,24.9,-175.8,-40.9377,25.9735,-178.62,1.26885,380.729,4.43326,223.986,93.1073,153.74,0.564905,-0.114823,287.184,5.329280000000001,4.93591,-7.738525390625,-48.76603560866044,18.443547152761045,182.7953854687049,22.004571914672898
38.89999985694885,2019-10-08,15:08:59.100,-17.5,5.9,-4.8,4.02715,0.475153,-1.91764,-39.1,25.9,-175.1,-40.1178,26.2806,-176.053,1.24502,370.557,4.433269999999999,224.512,91.2072,154.04,0.566228,-0.1067569999999999,287.146,5.34518,4.95959,-7.43983459472656,-48.108515668808494,19.091097377708152,184.42416625177768,22.004571914672898
39.0,2019-10-08,15:08:59.200,-17.2,5.4,-4.9,2.09191,-4.57129,-6.14045,-38.5,26.4,-174.4,-39.7556,26.436,-175.62,1.23505,364.752,4.433269999999999,225.008,89.6872,154.44,0.567602,-0.100177,287.27,5.35527,4.97636,-7.10701751708984,-47.629031358538306,19.41953904133059,184.9902526842999,22.004571914672898
39.09999990463257,2019-10-08,15:08:59.300,-17.0,5.4,-5.0,2.09191,-4.57129,-6.14045,-38.4,26.7,-174.1,-39.7556,26.436,-175.62,1.2284,359.49300000000005,4.43328,225.242,88.9272,154.64,0.568307,-0.09691,287.325,5.36045,4.97955,-6.770782470703121,-47.581052060525614,19.570531353330594,185.1395324698608,22.004571914672898
39.200000047683716,2019-10-08,15:08:59.400,-16.9,5.2,-5.1,-0.3659139999999999,-1.04809,-5.04758,-38.1,26.7,-173.1,-39.3833,27.5738,-174.44400000000002,1.20679,342.66900000000004,4.43329,225.651,87.0272,155.04,0.5700609999999999,-0.0889845,287.28,5.36627,4.98635,-6.59327697753906,-47.23907559603356,20.13832210859386,186.2300007754542,22.004571914672898
39.299999952316284,2019-10-08,15:08:59.500,-16.6,5.1,-5.2,-0.3659139999999999,-1.04809,-5.04758,-37.6,26.9,-172.6,-39.3833,27.5738,-174.44400000000002,1.17853,340.519,4.43331,226.06,85.5072,155.44,0.571534,-0.0825383,287.361,5.37036,4.99167,-6.35432434082031,-46.99060291463311,20.24003003462875,186.48045484394132,22.004571914672898
39.39999985694885,2019-10-08,15:08:59.600,-16.5,4.7,-5.1,0.578324,-3.98011,-0.6423270000000001,-37.9,27.5,-172.0,-38.6168,27.5054,-172.798,1.21233,351.746,4.433330000000001,226.644,83.2272,156.14,0.574049,-0.0728699,287.531,5.3788800000000005,4.99539,-6.21096038818359,-46.75896411840856,20.50337905931739,187.60108360824157,22.004056930542003
39.5,2019-10-08,15:08:59.700,-16.5,4.6,-5.2,-1.95309,3.67871,8.50608,-37.7,27.4,-171.6,-39.1185,27.6553,-172.74900000000002,1.20458,348.86300000000006,4.43335,226.82,82.4672,156.44,0.5751069999999999,-0.0696841,287.613,5.379919999999999,5.00143,-6.1290283203125,-46.90951377776432,20.5289595387961,187.82617156713866,22.004571914672898
39.59999990463257,2019-10-08,15:08:59.800,-16.1,4.4,-5.3,-1.95309,3.67871,8.50608,-37.6,27.4,-170.7,-39.1185,27.6553,-172.74900000000002,1.20513,347.155,4.43337,227.316,80.1871,157.14,0.5777180000000001,-0.0601108,287.742,5.3838,5.00961,-6.03857421875,-46.86144562165845,20.531945348733913,188.27693221482224,22.004056930542003
39.700000047683716,2019-10-08,15:08:59.900,-16.1,4.2,-5.2,-1.95309,3.67871,8.50608,-38.1,27.7,-170.2,-39.1185,27.6553,-172.74900000000002,1.20125,349.875,4.43339,227.638,78.6671,157.64,0.579548,-0.0537357,287.85,5.38924,5.00828,-5.92421722412109,-47.11547372802315,20.684563922515615,188.52603001309907,22.004056930542003
39.799999952316284,2019-10-08,15:09:00.000,-16.1,4.2,-5.1,-1.95309,3.67871,8.50608,-38.0,28.4,-170.0,-39.1185,27.6553,-172.74900000000002,1.22674,360.146,4.43341,227.988,76.7671,158.04,0.5812470000000001,-0.0458157,287.834,5.39574,4.9993300000000005,-5.79792022705078,-47.071663685892936,21.03607532552952,188.6222390648092,22.004056930542003
39.89999985694885,2019-10-08,15:09:00.100,-16.2,3.9,-4.9,-2.03139,-1.52861,3.5798300000000003,-38.1,28.3,-169.4,-39.2756,28.474,-170.935,1.22785,358.42800000000005,4.43343,228.251,75.6271,158.54,0.582911,-0.0409935,288.016,5.39795,4.997,-5.847412109375,-47.1890964651573,21.38944374654842,189.83326811671077,22.004571914672898
40.0,2019-10-08,15:09:00.200,-16.1,3.8,-4.9,-7.15342,-0.763083,-0.246765,-38.3,28.0,-169.2,-39.4541,28.8364,-170.796,1.20624,350.186,4.43345,228.397,74.8671,158.84,0.58397,-0.0378213,288.098,5.39435,4.999230000000001,-6.05564117431641,-47.37473184542536,21.420453847202246,190.00456429532056,22.004056930542003
40.09999990463257,2019-10-08,15:09:00.300,-15.5,3.7,-4.8,5.72589,4.25634,3.10648,-39.0,27.0,-168.6,-39.7086,28.0048,-169.80700000000002,1.20845,347.847,4.43347,228.777,72.5871,159.54,0.586643,-0.0283219,288.203,5.382280000000001,4.99645,-6.05393218994141,-47.851149683026975,20.503448959140844,190.79848484846772,22.004056930542003
40.200000047683716,2019-10-08,15:09:00.400,-15.4,3.6,-4.7,5.72589,4.25634,3.10648,-39.0,26.9,-168.6,-39.7086,28.0048,-169.80700000000002,1.19294,344.585,4.43351,229.04,71.4471,159.94,0.587974,-0.0235009999999999,288.348,5.37814,4.993119999999999,-5.98395538330078,-47.850599119024054,20.453379278325826,190.79860884334093,22.004056930542003
40.299999952316284,2019-10-08,15:09:00.500,-15.3,3.4,-4.8,0.534354,-4.364269999999999,-6.99159,-38.9,26.7,-168.9,-39.7906,27.6294,-169.64,1.20402,344.853,4.43357,229.245,69.547,160.44,0.590116,-0.0157333,288.324,5.36779,5.00155,-6.06587982177734,-47.84298869344781,20.164951721056777,190.7309452494707,22.004056930542003
40.39999985694885,2019-10-08,15:09:00.600,-15.2,3.5,-4.8,0.534354,-4.364269999999999,-6.99159,-38.7,26.8,-169.0,-39.7906,27.6294,-169.64,1.19682,342.51199999999994,4.43363,229.391,68.78699999999999,160.74,0.591133,-0.0125775,288.425,5.36616,4.99681,-6.1341552734375,-47.74348042237868,20.214880404978775,190.6807237782785,22.004571914672898
40.5,2019-10-08,15:09:00.700,-15.6,3.3,-4.8,0.534354,-4.364269999999999,-6.99159,-39.1,26.2,-169.0,-39.7906,27.6294,-169.64,1.19793,349.592,4.43369,229.595,67.64699999999999,161.24,0.592821,-0.00782857,288.597,5.3556,4.99845,-6.08806610107422,-47.94109274929484,19.91458269826246,190.68083269218312,22.004056930542003
40.59999990463257,2019-10-08,15:09:00.800,-15.6,3.2,-4.3,0.875991,-4.0490900000000005,5.85077,-38.7,25.4,-168.0,-40.2774,26.308000000000003,-169.741,1.21178,358.409,4.43375,229.975,65.367,161.84,0.595065,0.00171012,288.71,5.350230000000001,4.9724900000000005,-6.00785064697266,-47.986203847950065,18.856502607746048,191.1322120366841,22.004571914672898
40.700000047683716,2019-10-08,15:09:00.900,-15.6,3.2,-4.3,0.875991,-4.0490900000000005,5.85077,-38.8,25.4,-167.9,-40.2774,26.308000000000003,-169.741,1.23283,363.777,4.43381,230.063,64.6069,162.14,0.596163,0.00481107,288.777,5.34945,4.970680000000001,-6.09319305419922,-48.036277796860155,18.85683452568886,191.18240544420996,22.004571914672898
40.799999952316284,2019-10-08,15:09:01.000,-15.4,3.2,-4.0,4.69739,0.7678050000000001,2.08513,-38.6,25.8,-167.8,-40.0664,25.824,-169.08900000000003,1.22009,351.362,4.43386,230.296,63.0869,162.54,0.5976600000000001,0.0111463,288.85200000000003,5.3519,4.95346,-6.16828918457031,-47.83465926404503,18.813684706149886,191.5557501004102,22.004056930542003
40.89999985694885,2019-10-08,15:09:01.100,-15.2,3.4,-3.8,4.69739,0.7678050000000001,2.08513,-38.4,25.8,-166.9,-40.0664,25.824,-169.08900000000003,1.19959,349.122,4.43392,230.53,61.5669,162.94,0.5991380000000001,0.0174909,288.936,5.35773,4.93345,-6.55743408203125,-47.737516459967615,18.816874280028745,192.0061614905378,22.004571914672898
41.0,2019-10-08,15:09:01.200,-15.3,3.2,-3.8,-0.356277,8.10411,7.04575,-38.3,25.7,-166.1,-40.3451,25.8845,-168.808,1.21122,349.245,4.43398,230.793,60.4269,163.34,0.6003539999999999,0.0223333,289.131,5.36215,4.93756,-6.866363525390621,-47.82793319804057,18.799620301764637,192.54773528469454,22.004056930542003
41.09999990463257,2019-10-08,15:09:01.300,-14.9,2.9,-3.6,-0.47897,1.78288,-2.0163900000000003,-38.2,26.3,-166.1,-39.9926,26.6654,-167.908,1.19571,341.332,4.43404,230.968,58.5269,163.74,0.60209,0.0301759999999999,289.107,5.3651,4.93606,-7.18211364746094,-47.59730960833608,19.485847121088618,192.99748696176266,22.004056930542003
41.200000047683716,2019-10-08,15:09:01.400,-14.8,3.0,-4.0,4.84552,-7.83435,4.81904,-38.0,26.8,-165.6,-39.8463,26.7573,-167.87599999999998,1.17355,327.401,4.434069999999999,231.202,57.3868,164.24,0.6036130000000001,0.0350274,289.348,5.37397,4.95065,-7.361328125,-47.428207824344895,19.7839838023507,193.26240806025663,22.0035419464111
41.299999952316284,2019-10-08,15:09:01.500,-14.9,2.7,-4.2,4.84552,-7.83435,4.81904,-37.2,27.5,-164.9,-39.8463,26.7573,-167.87599999999998,1.1669,339.626,4.434069999999999,231.407,55.8668,164.74,0.605354,0.0414325,289.499,5.38657,4.96796,-7.34084320068359,-47.03711558278431,20.138221800306205,193.60874394258076,22.004056930542003
41.39999985694885,2019-10-08,15:09:01.600,-14.8,2.3,-4.3,4.84552,-7.83435,4.81904,-36.5,27.7,-164.3,-39.8463,26.7573,-167.87599999999998,1.19294,351.49800000000005,4.434069999999999,231.611,54.3468,165.14,0.6067899999999999,0.0478466,289.601,5.3917,4.985519999999999,-7.15309906005859,-46.69373297990993,20.242450103056754,193.90689932084865,22.004056930542003
41.5,2019-10-08,15:09:01.700,-14.9,1.9,-4.5,0.929163,1.08457,1.7674299999999998,-36.1,27.5,-163.5,-39.3111,27.4488,-166.669,1.23616,363.538,4.43406,231.728,53.2068,165.64,0.608491,0.0526284,289.768,5.39497,5.00726,-6.87489318847656,-46.215204013187524,20.484858948932537,194.91631660257025,22.004056930542003
41.59999990463257,2019-10-08,15:09:01.800,-14.8,1.7,-4.7,0.929163,1.08457,1.7674299999999998,-35.3,27.2,-162.4,-39.3111,27.4488,-166.669,1.2212,360.526,4.43406,231.845,51.6867,166.04,0.61006,0.0589764,289.815,5.3993400000000005,5.0224400000000005,-6.64789581298828,-45.819189220064075,20.343074013096903,195.4695090086281,22.004056930542003
41.700000047683716,2019-10-08,15:09:01.900,-14.6,1.5,-4.6,-2.11191,-3.77671,2.73835,-35.2,27.4,-161.8,-38.1167,28.3838,-164.998,1.2322799999999998,366.524,4.43406,231.962,50.1667,166.54,0.611893,0.0653365,289.92900000000003,5.40457,5.02384,-6.21437072753906,-45.15782649614888,20.901781147266522,196.60776264504912,22.004056930542003
41.799999952316284,2019-10-08,15:09:02.000,-14.5,1.4,-4.5,1.28193,-5.46534,4.728619999999999,-34.9,28.0,-161.5,-36.0912,27.5697,-162.39,1.23339,355.537,4.43406,232.05,49.0267,166.94,0.613324,0.0701137,290.034,5.4124300000000005,5.0211,-5.85594940185547,-43.997216787104996,20.78578998063477,198.0542826952625,22.004056930542003
41.89999985694885,2019-10-08,15:09:02.100,-14.5,1.4,-4.6,-6.797280000000001,1.43575,1.21848,-34.0,27.9,-160.5,-36.2401,27.7487,-162.113,1.21787,340.151,4.43406,232.108,47.5067,167.44,0.615233,0.0764435,290.116,5.41833,5.02256,-5.72794342041016,-43.623066382549645,20.82725453435333,198.6933559259549,22.0035419464111
42.0,2019-10-08,15:09:02.200,-14.3,1.3,-4.4,-0.959064,2.65025,-4.35985,-33.6,28.3,-160.0,-36.1266,28.3401,-161.86700000000002,1.14418,319.092,4.43406,232.225,45.9866,167.84,0.6167279999999999,0.0828338999999999,290.196,5.42485,5.01501,-5.83717346191406,-43.3662303983293,21.323828724801604,199.06708032325625,22.0035419464111
42.09999990463257,2019-10-08,15:09:02.300,-14.0,1.3,-4.3,-0.959064,2.65025,-4.35985,-34.3,27.8,-160.2,-36.1266,28.3401,-161.86700000000002,1.16191,319.16900000000004,4.43406,232.284,44.4666,168.24,0.618317,0.0891877,290.237,5.4126,5.00981,-5.89008331298828,-43.71303016734131,21.072770074921,198.96845590857654,22.0035419464111
42.200000047683716,2019-10-08,15:09:02.400,-13.9,1.1,-4.3,-0.39733,-5.00665,-1.10913,-34.8,27.9,-160.4,-35.7314,28.5788,-161.659,1.14917,314.666,4.434069999999999,232.342,43.3266,168.64,0.619747,0.0939593,290.344,5.40873,5.01653,-5.99419403076172,-43.76430866507989,21.24082017863384,198.97215332022512,22.0035419464111
42.299999952316284,2019-10-08,15:09:02.500,-13.9,1.1,-4.1,-0.39733,-5.00665,-1.10913,-35.2,27.2,-159.9,-35.7314,28.5788,-161.659,1.12867,299.833,4.43409,232.371,42.1865,169.14,0.621503,0.0987021,290.49,5.40269,5.00298,-6.05223083496094,-43.95997806520871,20.8918306782835,199.22471499675652,22.003026962280305
42.39999985694885,2019-10-08,15:09:02.600,-13.9,1.3,-3.8,2.3473,-1.40494,1.96534,-35.4,27.0,-159.5,-36.1357,28.1723,-161.251,1.1026200000000002,289.824,4.43412,232.459,40.6665,169.54,0.622984,0.1050799999999999,290.577,5.40071,4.97471,-6.1307373046875,-44.2636792235567,20.588700487915368,199.62817539443415,22.003026962280305
42.5,2019-10-08,15:09:02.700,-14.0,1.5,-3.9,-1.45832,1.44938,-3.36295,-35.5,27.5,-159.7,-36.5124,27.3446,-160.725,1.10595,297.384,4.43415,232.547,39.5265,169.94,0.624317,0.1098789999999999,290.723,5.40172,4.96791,-6.42601013183594,-44.50757773676369,20.42345344451635,199.78731921590492,22.003026962280305
42.59999990463257,2019-10-08,15:09:02.800,-14.2,1.0,-3.8,-2.21247,-4.98654,-0.29183,-35.6,26.7,-159.3,-37.7192,27.507,-161.39,1.12202,304.675,4.43417,232.634,37.6264,170.34,0.625884,0.117865,290.775,5.39128,4.97621,-6.93975067138672,-45.15835365418498,20.107545880890132,199.65835830281958,22.0035419464111
42.700000047683716,2019-10-08,15:09:02.900,-14.3,0.8,-3.8,-2.21247,-4.98654,-0.29183,-36.3,26.4,-159.2,-37.7192,27.507,-161.39,1.14196,316.242,4.4342,232.664,36.4864,170.74,0.627301,0.122638,290.888,5.385730000000001,4.98036,-7.10871887207031,-45.50618935008284,19.957698791130607,199.70949044650314,22.0035419464111
42.799999952316284,2019-10-08,15:09:03.000,-13.8,0.8,-3.8,-2.21247,-4.98654,-0.29183,-35.9,25.6,-158.7,-37.7192,27.507,-161.39,1.14806,308.145,4.43422,232.722,35.3464,171.14,0.628648,0.127435,291.029,5.378430000000001,4.98359,-7.21624755859375,-45.29882264343958,19.559165624514097,199.96357205264468,22.0035419464111
42.89999985694885,2019-10-08,15:09:03.100,-13.7,0.9,-4.0,0.310628,-1.90154,4.06459,-36.5,26.0,-159.7,-37.8199,27.3703,-160.93,1.11758,298.974,4.43425,232.751,33.8264,171.54,0.630152,0.133818,291.107,5.36829,4.98781,-7.02338409423828,-45.654923361168485,19.68603433071808,199.68744765457916,22.003026962280305
43.0,2019-10-08,15:09:03.200,-13.8,0.6,-4.0,0.310628,-1.90154,4.06459,-36.4,24.9,-159.2,-37.8199,27.3703,-160.93,1.11426,299.131,4.43427,232.81,32.6863,172.04,0.631748,0.138627,291.319,5.35716,4.996180000000001,-6.82881164550781,-45.5952526826565,19.136288853695365,199.9403492981687,22.0035419464111
43.09999990463257,2019-10-08,15:09:03.300,-13.4,0.5,-3.9,2.84476,0.798669,0.744168,-36.0,24.2,-158.7,-38.3064,25.9679,-160.827,1.127,309.616,4.4343,232.81,31.1663,172.44,0.633274,0.14501,291.389,5.35006,4.99684,-6.909027099609379,-45.64436190296318,18.087039957527963,200.24202901053073,22.0035419464111
43.200000047683716,2019-10-08,15:09:03.400,-13.5,0.6,-4.1,2.84476,0.798669,0.744168,-36.4,24.0,-159.8,-38.3064,25.9679,-160.827,1.1475,316.336,4.43432,232.83900000000003,29.6463,172.94,0.634997,0.1514329999999999,291.55,5.33122,4.99831,-6.84246826171875,-45.84500077754334,17.983942392992777,199.68838158016393,22.003026962280305
43.299999952316284,2019-10-08,15:09:03.500,-13.7,0.6,-3.9,0.992137,-3.23616,-1.0576299999999998,-35.9,23.1,-160.0,-37.8216,25.2786,-160.238,1.14418,304.845,4.43434,232.86900000000003,28.5062,173.34,0.6363300000000001,0.156241,291.697,5.31465,4.9816,-6.84758758544922,-45.35489220786483,17.1885546860155,199.87981352439755,22.003026962280305
43.39999985694885,2019-10-08,15:09:03.600,-13.9,1.0,-3.7,4.20132,7.87942,0.596966,-36.6,22.9,-159.4,-37.6249,22.5034,-160.59799999999998,1.12035,303.782,4.43436,232.927,27.3662,173.74,0.63759,0.161078,291.873,5.315840000000001,4.94835,-6.8885498046875,-45.614950356348686,15.703216613787063,200.00041431638255,22.003026962280305
43.5,2019-10-08,15:09:03.700,-13.9,0.8,-3.2,4.20132,7.87942,0.596966,-36.4,23.5,-158.6,-37.6249,22.5034,-160.59799999999998,1.13809,325.196,4.43438,233.015,25.8462,174.14,0.638865,0.167542,292.04200000000003,5.32832,4.92549,-7.13091278076172,-45.52063244860687,16.006030195180493,200.39807346341047,22.003026962280305
43.59999990463257,2019-10-08,15:09:03.800,-14.3,0.5,-3.1,4.20132,7.87942,0.596966,-36.1,23.8,-157.5,-37.6249,22.5034,-160.59799999999998,1.19793,337.307,4.4344,233.044,24.7061,174.54,0.640155,0.172373,292.206,5.341469999999999,4.92557,-7.709503173828121,-45.380719639052245,16.162038573379416,200.94538677506603,22.003026962280305
43.700000047683716,2019-10-08,15:09:03.900,-14.4,0.6,-3.3,-5.83955,-1.8684,-5.37723,-35.9,24.1,-157.0,-37.332,24.5676,-159.382,1.16856,324.033,4.43441,233.015,23.9461,174.64,0.64065,0.175568,292.17900000000003,5.34883,4.9292,-8.33589172363281,-45.11825315684054,17.339116812907413,201.81144872780868,22.0035419464111
43.799999952316284,2019-10-08,15:09:04.000,-14.5,0.3,-4.1,-2.57791,0.671694,-5.52388,-35.9,24.8,-156.6,-37.717,25.1427,-159.409,1.14806,318.349,4.43443,233.044,21.6661,175.04,0.642142,0.185252,292.264,5.35586,4.97627,-8.63287353515625,-45.31330525752523,17.978875043843054,201.99799326546108,22.0035419464111
43.89999985694885,2019-10-08,15:09:04.100,-14.7,0.0,-4.4,-2.57791,0.671694,-5.52388,-35.3,24.4,-155.0,-37.717,25.1427,-159.409,1.18684,353.889,4.43445,233.044,20.526,175.74,0.6442680000000001,0.1900859999999999,292.60200000000003,5.36616,4.99755,-8.61068725585938,-45.01777982350109,17.78981752837893,202.80314494896302,22.004056930542003
44.0,2019-10-08,15:09:04.200,-14.2,-0.3,-4.3,-6.30356,-3.37164,-5.53537,-34.5,24.8,-153.8,-37.6248,25.1979,-158.94799999999998,1.2284,372.229,4.43447,233.015,18.626,176.14,0.645746,0.198154,292.692,5.37965,5.00746,-8.22836303710938,-44.58195009423005,18.02508605704621,203.63274935168602,22.004571914672898
44.09999990463257,2019-10-08,15:09:04.300,-14.0,-0.4,-4.4,4.25612,0.196095,5.99167,-34.4,25.1,-153.4,-36.5737,25.2787,-155.805,1.28215,394.964,4.43449,232.898,17.4859,176.34,0.646713,0.202961,292.649,5.3848,5.01724,-7.48933410644531,-43.99114215548772,18.19527507965213,205.39903890514785,22.004571914672898
44.200000047683716,2019-10-08,15:09:04.400,-13.7,-0.6,-4.8,4.25612,0.196095,5.99167,-33.3,26.3,-153.2,-36.5737,25.2787,-155.805,1.27882,382.964,4.43451,232.86900000000003,16.7259,176.84,0.64825,0.206176,292.883,5.3996,5.04989,-6.38504791259766,-43.449171687014655,18.79696810004765,205.49323708955038,22.004571914672898
44.299999952316284,2019-10-08,15:09:04.500,-13.3,-0.8,-4.9,5.3901900000000005,-7.084219999999999,-3.1386700000000003,-33.2,26.4,-153.2,-35.7823,26.5319,-155.097,1.22452,365.159,4.43456,232.782,15.2059,177.24,0.649732,0.2125969999999999,292.972,5.39669,5.06795,-4.91381072998047,-42.993813118830516,19.46962596974014,205.85239790436907,22.004571914672898
44.39999985694885,2019-10-08,15:09:04.600,-13.0,-0.7,-4.9,5.3901900000000005,-7.084219999999999,-3.1386700000000003,-33.1,26.4,-153.0,-35.7823,26.5319,-155.097,1.24336,374.292,4.43456,232.665,14.0658,177.74,0.651479,0.2174449999999999,293.125,5.39593,5.06746,-3.0978012084960898,-42.94448859388628,19.47042274079492,205.95253481850648,22.004571914672898
44.5,2019-10-08,15:09:04.700,-13.1,-0.6,-4.7,-4.40554,0.78036,-7.5509,-33.4,26.4,-153.6,-34.0189,25.2708,-153.588,1.2561,377.789,4.43459,232.577,12.9258,178.14,0.652881,0.222282,293.246,5.38606,5.0471900000000005,-1.00529479980469,-42.208202583212895,18.835223204425652,206.4054710984513,22.004056930542003
44.59999990463257,2019-10-08,15:09:04.800,-13.3,-0.5,-4.3,-4.40554,0.78036,-7.5509,-33.7,26.5,-154.3,-34.0189,25.2708,-153.588,1.2533299999999998,378.9380000000001,4.43461,232.49,11.4058,178.54,0.654309,0.228756,293.357,5.375290000000001,5.01313,1.09512329101562,-42.356186297671975,18.885508232611574,206.0569784201487,22.004056930542003
44.700000047683716,2019-10-08,15:09:04.900,-13.4,-0.5,-3.8,-1.73669,1.42115,6.80975,-35.0,25.7,-156.0,-34.0481,25.0853,-153.609,1.26054,377.032,4.43464,232.402,10.2657,178.94,0.655682,0.233607,293.48900000000003,5.34345,4.98088,3.1899871826171897,-43.025232590463276,18.39788718975853,205.1985063526775,22.004056930542003
44.799999952316284,2019-10-08,15:09:05.000,-13.9,-0.2,-3.3,-1.73669,1.42115,6.80975,-36.2,24.2,-157.3,-34.0481,25.0853,-153.609,1.2356,364.6,4.43468,232.315,9.12569,179.24,0.6567729999999999,0.23845,293.565,5.30725,4.92995,5.3018798828125,-43.64487173342263,17.656396291146784,204.5414525467936,22.004056930542003
44.89999985694885,2019-10-08,15:09:05.100,-14.2,0.1,-2.4,-1.73669,1.42115,6.80975,-38.3,22.9,-159.4,-34.0481,25.0853,-153.609,1.22175,356.835,4.43469,232.286,7.225639999999999,179.54,0.6577810000000001,0.246603,293.673,5.26251,4.85981,7.40526580810547,-44.735060071775926,17.025716375524546,203.47777370816362,22.0035419464111
45.0,2019-10-08,15:09:05.200,-14.7,0.6,-1.3,-9.13997,2.07934,8.926969999999999,-39.9,20.8,-161.6,-39.1945,19.2948,-158.969,1.21233,353.831,4.43472,232.286,6.0856,179.64,0.658118,0.251481,293.708,5.20832,4.7733,9.50864410400391,-48.04152372071292,13.051586823793128,199.72015220948447,22.003026962280305
45.09999990463257,2019-10-08,15:09:05.300,-15.1,1.2,-0.1,-9.13997,2.07934,8.926969999999999,-42.2,17.8,-165.0,-39.1945,19.2948,-158.969,1.20291,338.524,4.434740000000001,232.315,4.18555,179.74,0.658414,0.259633,293.759,5.12694,4.68008,11.627349853515598,-49.25586472944119,11.575212939496327,198.0086027305165,22.003026962280305
45.200000047683716,2019-10-08,15:09:05.400,-15.3,2.1,1.3,-2.52041,7.48394,14.4634,-44.4,13.9,-167.4,-44.1754,12.066,-163.549,1.14418,314.835,4.4347900000000005,232.461,3.04553,179.64,0.657878,0.2645349999999999,293.79900000000004,5.0458300000000005,4.57045,13.7222137451172,-52.78108445705369,5.988626542632967,194.5301834793302,22.003026962280305
45.299999952316284,2019-10-08,15:09:05.500,-15.4,3.2,2.7,-2.52041,7.48394,14.4634,-46.1,9.5,-170.4,-44.1754,12.066,-163.549,1.14141,310.733,4.43485,232.666,1.14549,179.54,0.657219,0.2726159999999999,293.887,4.94879,4.45571,15.8324127197266,-53.72723093873646,3.808801462707337,193.0199432873266,22.0025119781494
45.39999985694885,2019-10-08,15:09:05.600,-15.1,4.1,4.5,2.2561,3.68932,14.4511,-47.8,4.3,-173.4,-46.3133,8.76604,-166.825,1.13144,305.751,4.43491,233.016,0.00546986,179.34,0.655958,0.277484,294.04,4.842219999999999,4.330369999999999,17.9460144042969,-55.66085477575894,-0.4477908220385813,189.88154955865122,22.0025119781494
45.5,2019-10-08,15:09:05.700,-14.8,5.6,6.3,-0.349501,7.866410000000001,14.5933,-49.2,-1.3,-176.4,-47.5541,6.11955,-168.005,1.1259,302.836,4.43498,233.425,-1.51455,178.94,0.654022,0.2839,294.125,4.72866,4.19176,20.0613174438477,-57.06418318540794,-4.565651990751679,187.79688367206154,22.003026962280305
45.59999990463257,2019-10-08,15:09:05.800,-14.4,6.8,8.1,-3.02885,0.557516,8.18419,-49.8,-6.6,179.2,-48.4999,2.77504,-168.965,1.12312,301.222,4.43504,234.039,-3.03457,178.44,0.651375,0.290313,294.32,4.604430000000001,4.07139,22.1800231933594,-58.01442239231742,-8.886593400156938,185.1577936674216,22.0025119781494
45.700000047683716,2019-10-08,15:09:05.900,-13.7,7.8,9.7,0.315258,21.7418,14.8714,-49.8,-13.0,175.1,-51.4791,-6.04148,-172.761,1.1198,303.546,4.43511,234.71,-4.17456,177.84,0.6483359999999999,0.295068,294.506,4.46966,3.9641,24.2919235229492,-59.48662800520724,-16.53137866696398,181.2597069279071,22.0025119781494
45.799999952316284,2019-10-08,15:09:06.000,-12.7,9.1,11.6,9.98088,17.3029,22.9793,-49.4,-19.7,170.1,-53.7636,-18.9454,179.851,1.13975,317.551,4.435169999999999,235.528,-5.31456,177.04,0.6444489999999999,0.29978,294.695,4.32273,3.83892,26.3952941894531,-60.19017724259032,-26.371341202929578,174.99985842071428,22.003026962280305
45.89999985694885,2019-10-08,15:09:06.100,-11.2,10.1,13.6,13.793,14.663,22.1185,-48.6,-26.5,164.7,-54.3755,-26.1644,175.76,1.1630200000000002,321.647,4.435230000000001,236.463,-6.83455,175.94,0.639483,0.306051,294.816,4.17183,3.70841,28.4952697753906,-60.0981398066795,-33.416961171469666,170.25272240437667,22.003026962280305
46.0,2019-10-08,15:09:06.200,-8.9,11.5,15.5,18.9513,13.2296,19.6217,-47.0,-33.1,158.1,-54.2574,-33.3851,170.917,1.14695,315.151,4.4353,237.573,-7.974530000000001,174.54,0.633356,0.310646,294.905,4.01625,3.55356,29.5205688476562,-59.22530928981373,-40.378255897546126,164.51253834247933,22.003026962280305
46.09999990463257,2019-10-08,15:09:06.300,-6.7,12.5,17.2,30.9018,9.91553,17.4872,-43.4,-39.1,150.5,-53.5872,-40.7179,165.149,1.14695,318.574,4.43536,238.712,-8.73449,173.14,0.6271939999999999,0.313601,295.021,3.8645,3.4252300000000004,32.0650634765625,-56.99646325370224,-47.10311595120086,157.73927056988714,22.003026962280305
46.200000047683716,2019-10-08,15:09:06.400,-4.0,13.3,18.9,36.6094,7.60101,15.1218,-38.6,-45.1,141.2,-49.4711,-51.6096,152.736,1.1513799999999998,322.325,4.43542,239.968,-9.49445,171.44,0.619975,0.316517,295.07,3.70315,3.2901300000000004,32.742919921875,-52.06143452846653,-55.487502921789954,146.4959104906809,22.003026962280305
46.299999952316284,2019-10-08,15:09:06.500,-0.9,14.0,20.2,36.6094,7.60101,15.1218,-30.9,-51.1,129.3,-49.4711,-51.6096,152.736,1.17299,335.50800000000004,4.43546,241.311,-9.87439,169.64,0.6123390000000001,0.317823,295.138,3.529,3.15488,33.8226928710938,-48.81026938449841,-58.8155263615641,140.98960969224012,22.0035419464111
46.39999985694885,2019-10-08,15:09:06.600,2.0,14.3,20.7,36.6094,7.60101,15.1218,-19.7,-56.3,114.2,-49.4711,-51.6096,152.736,1.19959,347.777,4.43551,242.68400000000003,-9.87432,167.84,0.604679,0.3175449999999999,295.23400000000004,3.3500300000000003,3.0392,34.541427612304695,-44.8289444217888,-62.13232921169468,134.95010518816198,22.0035419464111
46.5,2019-10-08,15:09:06.700,5.2,14.4,20.9,36.6094,7.60101,15.1218,-4.0,-59.3,94.6,-49.4711,-51.6096,152.736,1.2322799999999998,371.432,4.43556,244.173,-9.49424,165.94,0.5965520000000001,0.315696,295.376,3.16278,2.91757,34.958694458007805,-39.51834502485772,-65.05812603587863,127.62492646606822,22.0035419464111
46.59999990463257,2019-10-08,15:09:06.800,8.4,13.9,20.7,30.7629,6.8874,11.8395,13.5,-59.1,73.5,-39.1737,-62.1351,135.429,1.25389,380.74300000000005,4.4356,245.575,-8.73415,164.24,0.589184,0.312337,295.564,2.97716,2.79697,34.958694458007805,-19.7932332285342,-70.24849124186659,102.62284557567297,22.0035419464111
46.700000047683716,2019-10-08,15:09:06.900,11.9,13.5,19.8,30.7629,6.8874,11.8395,28.8,-55.6,54.1,-39.1737,-62.1351,135.429,1.27273,389.11,4.43565,247.006,-7.59404,162.44,0.581507,0.3074739999999999,295.73,2.78799,2.66354,34.791793823242195,-8.608678573989321,-70.613876401368,89.28907246252957,22.004056930542003
46.799999952316284,2019-10-08,15:09:07.000,14.8,12.9,18.6,46.8342,-11.9843,-2.99165,38.4,-50.5,41.2,16.1876,-70.4056,67.5865,1.26774,388.619,4.4357,248.291,-6.83396,160.84,0.574645,0.304233,295.913,2.62781,2.54695,34.2195434570312,23.164155145398723,-67.87476561825679,49.634769351916326,22.004056930542003
46.89999985694885,2019-10-08,15:09:07.100,17.0,11.9,17.1,40.0944,-8.61052,-23.7696,45.7,-43.9,31.0,43.022,-62.0099,33.6016,1.27051,396.689,4.43574,249.605,-4.93384,159.34,0.5680649999999999,0.296411,296.17,2.46466,2.44581,33.2691802978516,35.51635249227064,-60.01751265461327,32.354931741446045,22.004056930542003
47.0,2019-10-08,15:09:07.200,18.8,10.6,15.4,22.5079,-15.1366,-9.7667,50.1,-36.4,22.6,50.8552,-54.8398,21.6666,1.33755,421.9980000000001,4.43582,250.74400000000003,-3.41375,158.04,0.562347,0.290186,296.414,2.29545,2.34554,31.9679870605469,41.261252197260305,-52.69486389898763,22.553183285409503,22.004571914672898
47.09999990463257,2019-10-08,15:09:07.300,20.0,9.5,13.4,22.5079,-15.1366,-9.7667,53.7,-28.8,15.9,50.8552,-54.8398,21.6666,1.33312,418.948,4.43584,251.796,-1.51365,156.84,0.5570689999999999,0.282564,296.651,2.13409,2.25422,30.317626953125,43.52037379084751,-48.924258777494515,18.61765172892342,22.004571914672898
47.200000047683716,2019-10-08,15:09:07.400,21.5,8.5,11.5,14.3094,-9.43919,-25.1936,55.4,-21.4,11.1,57.8143,-33.6294,4.10845,1.31705,412.104,4.43587,252.818,0.386448,155.64,0.551825,0.274995,296.885,1.98855,2.15692,28.350509643554695,47.5784774384869,-34.616630701916264,7.936634854948082,22.004571914672898
47.299999952316284,2019-10-08,15:09:07.500,23.1,7.5,9.9,18.5094,-19.6847,-20.7363,56.8,-14.8,7.0,58.028,-29.4376,2.16046,1.3104,413.479,4.43588,253.694,2.66655,154.64,0.547389,0.265999,297.121,1.85956,2.06769,26.5877532958984,48.39210367184764,-29.199472129136083,4.853382285895549,22.004056930542003
47.39999985694885,2019-10-08,15:09:07.600,24.3,6.3,7.9,13.9589,-13.9875,-30.0352,58.1,-8.8,3.1,57.4669,-21.182,-1.50393,1.33423,427.714,4.4358900000000006,254.482,4.94664,153.74,0.543365,0.257059,297.358,1.74012,1.9723,25.162223815918,48.92206736420616,-22.047630475607324,0.9582241535510008,22.004056930542003
47.5,2019-10-08,15:09:07.700,24.9,5.1,6.0,14.5632,-12.3136,-23.6038,59.2,-3.4,-0.4,57.7771,-11.2794,-6.849310000000001,1.36193,448.542,4.43591,255.154,7.22673,152.84,0.539514,0.248165,297.516,1.63266,1.88819,23.7639465332031,49.78636417988973,-14.380034295831157,-3.5511102746054064,22.004571914672898
47.59999990463257,2019-10-08,15:09:07.800,25.1,4.0,5.1,7.53039,-18.5019,-20.8612,60.2,0.9,-3.5,58.2426,-5.80293,-10.2495,1.41125,467.843,4.435919999999999,255.68,9.88682,152.14,0.5364369999999999,0.237817,297.685,1.54583,1.84167,21.9756393432617,50.567092361536005,-9.479870039373681,-6.832180723182091,22.004571914672898
47.700000047683716,2019-10-08,15:09:07.900,25.1,2.9,2.7,5.34911,-7.04093,-26.551,61.4,5.6,-7.0,58.2684,-2.88143,-11.7852,1.41956,476.142,4.43594,256.147,12.1669,151.54,0.533736,0.228989,297.865,1.44868,1.7456200000000002,21.2518081665039,51.15165515483976,-5.665223960024736,-9.354204654506304,22.0050868988037
47.799999952316284,2019-10-08,15:09:08.000,24.6,1.8,1.2,-14.3552,-17.3438,-20.9114,61.8,10.1,-9.9,58.9069,2.44849,-15.0591,1.43951,481.929,4.43595,256.468,14.827,151.04,0.531505,0.218691,298.008,1.3608,1.67934,19.8109512329102,51.69501295731259,-0.7419780461802936,-12.462390882528894,22.004571914672898
47.89999985694885,2019-10-08,15:09:08.100,23.8,0.7,-0.4,-3.00501,-13.9433,-15.8372,62.0,15.1,-13.1,58.9493,10.1517,-18.9692,1.42732,471.201,4.43596,256.701,17.487000000000002,150.64,0.529668,0.2084079999999999,298.15,1.26314,1.60559,18.0533142089844,51.891659691095114,5.629111992102889,-16.044123032200062,22.0050868988037
48.0,2019-10-08,15:09:08.200,23.3,0.2,-1.5,-11.6334,-12.4836,-16.6634,61.9,16.9,-14.2,58.7702,12.8017,-20.5484,1.41845,467.375,4.435980000000001,256.73,18.2471,150.54,0.5292399999999999,0.205456,298.171,1.2282,1.5553,16.5017471313477,51.77461057695141,7.862296811999243,-17.389575450094057,22.0050868988037
48.09999990463257,2019-10-08,15:09:08.300,23.1,-0.9,-3.5,-11.6334,-12.4836,-16.6634,61.7,21.0,-16.8,58.7702,12.8017,-20.5484,1.40903,478.726,4.43599,256.789,20.9071,150.44,0.52851,0.195158,298.345,1.14994,1.46171,14.7151489257812,51.586668372311124,9.892990548969136,-18.6814810026505,22.0056018829346
48.200000047683716,2019-10-08,15:09:08.400,22.6,-2.7,-5.1,-7.427160000000001,-15.884,-18.502,60.8,24.2,-20.6,55.4959,23.3562,-27.8676,1.47718,510.953,4.436030000000001,256.643,23.1872,150.64,0.5290050000000001,0.186254,298.488,1.07421,1.36566,13.3390121459961,49.675855793799975,16.820764011985414,-24.245959208209342,22.0056018829346
48.299999952316284,2019-10-08,15:09:08.500,21.6,-3.7,-6.6,-6.32988,-10.0654,-8.481119999999999,58.7,27.2,-24.1,54.6284,24.8957,-29.6661,1.51375,533.63,4.43612,256.38,25.4672,150.94,0.5299520000000001,0.177259,298.6,1.00445,1.28276,11.824920654296902,48.14555207932119,19.072113309702097,-26.904435791088588,22.0050868988037
48.39999985694885,2019-10-08,15:09:08.600,20.9,-4.7,-7.7,-7.132039999999999,-16.2621,-15.7068,57.5,29.9,-27.3,51.8116,29.6784,-34.5994,1.53869,533.067,4.43616,256.0,27.7472,151.44,0.531636,0.168261,298.73,0.942122,1.21687,11.058502197265598,46.1966397019771,22.84385000741324,-30.957252454836436,22.0050868988037
48.5,2019-10-08,15:09:08.700,19.7,-5.4,-8.5,-19.012,-6.24769,-6.0228,55.3,32.1,-31.5,49.4417,32.0364,-38.6062,1.5032299999999998,513.16,4.43623,255.503,29.6473,152.04,0.533845,0.160645,298.79200000000003,0.877281,1.15599,9.56144714355469,43.9117880237103,25.124902686556027,-35.05906871764323,22.0050868988037
48.59999990463257,2019-10-08,15:09:08.800,18.4,-5.9,-9.6,-23.463,-7.46346,-10.4185,52.8,34.3,-34.2,48.6275,33.3846,-39.819,1.43397,472.545,4.4362900000000005,254.977,31.9273,152.74,0.536285,0.15153,298.935,0.8272940000000001,1.08301,7.70161437988281,42.22182182136033,26.877296553715826,-37.02456191230502,22.0050868988037
48.700000047683716,2019-10-08,15:09:08.900,17.2,-6.5,-10.8,-20.294,-6.009,-14.4955,51.9,35.4,-36.1,47.7998,34.6159,-40.5516,1.41513,455.605,4.43636,254.393,33.4473,153.64,0.5395310000000001,0.145337,299.065,0.798198,1.00274,6.30162048339844,41.35363431781505,28.03017773277801,-38.33621616452035,22.004571914672898
48.799999952316284,2019-10-08,15:09:09.000,16.4,-6.5,-11.2,-4.7062800000000005,-0.606549,-8.54047,51.2,36.4,-38.4,46.7782,35.8483,-41.9996,1.33201,429.407,4.43642,253.751,35.3473,154.64,0.543054,0.13756,299.253,0.767546,0.969995,4.4486083984375,40.492371760411025,29.139064426637056,-40.20617100774476,22.004571914672898
48.89999985694885,2019-10-08,15:09:09.100,16.0,-6.7,-11.4,-3.25258,-2.60577,-5.18124,50.2,38.4,-40.2,45.7787,38.3283,-44.1426,1.34476,430.375,4.43649,253.137,36.8673,155.74,0.546876,0.131279,299.487,0.728233,0.95106,2.98049926757812,39.50002239435089,31.382752306406122,-42.17349361663247,22.004571914672898
49.0,2019-10-08,15:09:09.200,15.7,-7.0,-11.6,5.16044,-5.1836,-0.5811729999999999,49.3,39.9,-43.0,44.9764,40.1847,-45.9845,1.34697,429.47,4.43655,252.407,38.3873,156.84,0.5508770000000001,0.12491,299.636,0.686334,0.933493,1.7167663574218797,38.64745056987309,33.05331449613777,-44.49040673953928,22.004571914672898
49.09999990463257,2019-10-08,15:09:09.300,15.5,-6.9,-11.8,-3.24225,4.56958,-1.36119,48.3,41.2,-45.9,44.3895,41.5219,-48.5821,1.33866,423.547,4.43661,251.706,39.9074,158.04,0.555089,0.1185359999999999,299.875,0.646219,0.925395,0.633567810058594,37.85259800910208,34.36996800539547,-47.23888204630319,22.004571914672898
49.200000047683716,2019-10-08,15:09:09.400,15.0,-7.3,-12.1,-4.913530000000001,-5.51401,-4.11604,47.9,42.5,-47.8,44.0294,43.4548,-50.4035,1.33257,432.431,4.436640000000001,250.976,41.0474,159.24,0.5594359999999999,0.113629,300.052,0.615268,0.895727,0.1771240234375,37.47712388410029,35.98600691572127,-49.093525715076254,22.004571914672898
49.299999952316284,2019-10-08,15:09:09.500,14.3,-8.0,-12.4,-3.98195,-5.04509,-0.426939,47.4,43.2,-49.4,43.6688,44.0157,-51.3912,1.3525200000000002,439.16,4.436640000000001,250.158,42.5674,160.44,0.563807,0.1072019999999999,300.22,0.59528,0.8554959999999999,-0.51885986328125,37.04212032117952,36.612877945366264,-50.39003563270239,22.004571914672898
49.39999985694885,2019-10-08,15:09:09.600,13.6,-8.2,-12.9,-6.25373,-4.10127,-0.245997,47.4,43.3,-50.1,43.1117,44.2843,-52.4788,1.37135,439.818,4.43663,249.34,43.7074,161.74,0.568554,0.102226,300.401,0.590059,0.815166,-1.30568695068359,36.766870994274875,36.7993171295791,-51.28130930123402,22.004056930542003
49.5,2019-10-08,15:09:09.700,13.2,-8.5,-12.9,-2.78247,1.0161,0.3562079999999999,47.2,43.1,-51.2,42.9986,44.7756,-53.6942,1.3464200000000002,424.6,4.43663,248.46400000000003,44.8473,162.94,0.5731069999999999,0.0971845,300.491,0.584284,0.799266,-1.9866867065429696,36.61544553530657,36.94572283111041,-52.43184563539731,22.004571914672898
49.59999990463257,2019-10-08,15:09:09.800,13.0,-8.5,-12.8,-2.78247,1.0161,0.3562079999999999,46.2,42.5,-52.8,42.9986,44.7756,-53.6942,1.3192700000000002,416.536,4.43662,247.617,46.3674,164.24,0.577746,0.0906548,300.731,0.578544,0.798242,-2.8639678955078103,36.10242895688787,36.638571267327066,-53.238166596553214,22.004056930542003
49.700000047683716,2019-10-08,15:09:09.900,13.0,-8.2,-12.5,0.553858,-0.1118789999999999,4.0079400000000005,45.9,42.4,-53.6,43.1471,44.5362,-54.0314,1.3192700000000002,413.533,4.43662,246.77,47.5073,165.44,0.5822109999999999,0.0855808,300.87,0.5743510000000001,0.8140930000000001,-3.5466766357421897,36.02295251486941,36.468038851336395,-53.81085747236514,22.004056930542003
49.799999952316284,2019-10-08,15:09:10.000,12.9,-8.3,-12.3,-2.41269,3.64136,7.219019999999999,45.8,42.0,-54.1,42.6348,43.7547,-55.4757,1.31761,418.275,4.43661,245.923,49.0274,166.64,0.586525,0.0789952,301.083,0.5772689999999999,0.818696,-3.94947814941406,35.72411655402294,35.87972152101909,-54.77850475205875,22.004571914672898
49.89999985694885,2019-10-08,15:09:10.100,13.0,-8.3,-12.0,0.2944199999999999,0.4934659999999999,3.15665,45.5,41.8,-54.9,41.8559,42.7753,-56.8241,1.34808,427.208,4.43661,245.047,50.1674,167.84,0.591006,0.0738458,301.222,0.574058,0.834843,-4.01775360107422,35.18567041563046,35.29248561194054,-55.855618900378744,22.004571914672898
50.0,2019-10-08,15:09:10.200,13.2,-8.1,-11.7,5.94345,3.24953,4.95811,45.5,41.5,-55.0,41.853,42.3228,-57.05,1.34365,426.11800000000005,4.4366,244.2,51.3073,169.04,0.595417,0.0686945,301.398,0.5791350000000001,0.8578319999999999,-3.80269622802734,35.18410422211766,34.91686954306789,-56.01945623998503,22.004056930542003
50.09999990463257,2019-10-08,15:09:10.300,13.3,-8.0,-11.2,5.94345,3.24953,4.95811,45.7,41.3,-55.1,41.853,42.3228,-57.05,1.33534,428.597,4.4366,243.353,52.0673,170.14,0.599687,0.0650118,301.462,0.58229,0.881813,-3.60641479492188,35.284512724511885,34.81633550226951,-56.06826182322496,22.004056930542003
50.200000047683716,2019-10-08,15:09:10.400,13.4,-8.2,-10.6,4.71312,2.09139,0.730121,45.2,41.1,-55.9,41.8504,41.3173,-57.7798,1.35418,434.421,4.43659,242.535,53.5873,171.14,0.6033149999999999,0.0583434999999999,301.635,0.579901,0.906466,-3.4528045654296897,35.028752871527615,34.21319326515917,-56.83891193772308,22.004571914672898
50.299999952316284,2019-10-08,15:09:10.500,13.4,-8.1,-10.3,0.651532,-3.11078,5.86831,44.7,40.3,-56.4,42.6498,39.9008,-57.9639,1.33478,411.798,4.43659,241.659,54.7273,172.14,0.6071840000000001,0.0530928,301.706,0.586014,0.921545,-3.08414459228516,35.174489728495544,33.10344385584037,-57.18419588204108,22.004571914672898
50.39999985694885,2019-10-08,15:09:10.600,13.3,-7.6,-10.0,0.651532,-3.11078,5.86831,45.6,40.2,-55.6,42.6498,39.9008,-57.9639,1.28492,400.367,4.43656,240.841,55.8673,173.04,0.6106590000000001,0.0478879,301.775,0.598687,0.940084,-2.72742462158203,35.626419024307445,33.05740106043471,-56.78482345962922,22.004571914672898
50.5,2019-10-08,15:09:10.700,13.4,-8.1,-9.8,0.328243,-1.22739,5.84584,46.3,39.5,-54.5,43.5317,38.7851,-58.4792,1.28935,401.651,4.43658,240.023,57.3873,174.04,0.614222,0.0411254,301.98400000000004,0.621848,0.946176,-2.46629333496094,36.417796921855036,32.16219178404314,-56.500117608989854,22.004056930542003
50.59999990463257,2019-10-08,15:09:10.800,13.4,-8.2,-9.7,-2.67021,-0.753153,0.545094,46.1,38.2,-54.5,44.3689,37.6171,-57.583,1.3104,410.835,4.43657,239.088,58.5273,174.94,0.61788,0.0357428,301.981,0.639074,0.951199,-2.23757934570312,36.73566039626223,30.920294262006504,-56.04792098978132,22.004056930542003
50.700000047683716,2019-10-08,15:09:10.900,13.1,-8.3,-9.3,3.25865,-5.093719999999999,-0.429465,46.9,37.9,-53.6,45.0444,37.4046,-56.4057,1.32315,410.382,4.43657,238.241,60.0473,175.84,0.6211810000000001,0.0289185,302.133,0.6561279999999999,0.956819,-2.02252960205078,37.4736173677525,30.66185053391218,-55.00773389988095,22.004056930542003
50.799999952316284,2019-10-08,15:09:11.000,13.1,-8.3,-8.7,3.25865,-5.093719999999999,-0.429465,46.6,37.5,-54.2,45.0444,37.4046,-56.4057,1.31262,400.55300000000005,4.43656,237.365,60.8073,176.74,0.624879,0.0250413,302.121,0.656315,0.981645,-2.09592437744141,37.32512613668423,30.45830805464014,-55.304029924129026,22.004571914672898
50.89999985694885,2019-10-08,15:09:11.100,13.0,-7.8,-7.9,2.1429,-3.07819,10.5121,45.3,36.9,-55.6,44.7901,37.0226,-56.9665,1.26109,375.441,4.43656,236.489,61.9473,177.54,0.628116,0.0196392,302.134,0.650744,1.0223799999999998,-2.08397674560547,36.546882440426316,29.963666778489575,-56.28299495165439,22.004571914672898
51.0,2019-10-08,15:09:11.200,12.6,-7.2,-7.0,0.6859569999999999,3.69241,3.04169,44.8,36.1,-55.3,44.0336,36.4543,-57.9815,1.22286,352.181,4.43655,235.7,63.0873,178.24,0.630905,0.0143053,302.166,0.6659510000000001,1.06167,-1.73579406738281,35.92468869362022,29.286348063007036,-56.63895100094578,22.004571914672898
51.09999990463257,2019-10-08,15:09:11.300,12.6,-6.7,-6.5,0.6859569999999999,3.69241,3.04169,45.2,36.3,-54.6,44.0336,36.4543,-57.9815,1.16579,321.024,4.43655,234.97,64.6074,178.94,0.633373,0.00750937,302.332,0.675723,1.10011,-1.24423980712891,36.12676280765742,29.391434865019033,-56.290695724759644,22.004056930542003
51.200000047683716,2019-10-08,15:09:11.400,12.5,-6.7,-6.2,-6.231,2.3766,7.427630000000001,45.6,36.9,-54.3,44.82,35.9303,-57.8933,1.15027,311.882,4.43656,234.211,65.7474,179.64,0.636074,0.00216551,302.404,0.6756810000000001,1.11354,-0.6810073852539059,36.70893005441379,29.43040404468635,-56.10758581273416,22.0035419464111
